-- phpMyAdmin SQL Dump
-- version 4.5.1
-- http://www.phpmyadmin.net
--
-- Host: 127.0.0.1
-- Generation Time: Sep 02, 2020 at 08:16 AM
-- Server version: 10.1.13-MariaDB
-- PHP Version: 5.6.21

SET SQL_MODE = "NO_AUTO_VALUE_ON_ZERO";
SET time_zone = "+00:00";


/*!40101 SET @OLD_CHARACTER_SET_CLIENT=@@CHARACTER_SET_CLIENT */;
/*!40101 SET @OLD_CHARACTER_SET_RESULTS=@@CHARACTER_SET_RESULTS */;
/*!40101 SET @OLD_COLLATION_CONNECTION=@@COLLATION_CONNECTION */;
/*!40101 SET NAMES utf8mb4 */;

--
-- Database: `project`
--

-- --------------------------------------------------------

--
-- Table structure for table `admin`
--

CREATE TABLE `admin` (
  `admin_id` int(11) NOT NULL,
  `email` varchar(50) NOT NULL,
  `password` varchar(500) NOT NULL
) ENGINE=InnoDB DEFAULT CHARSET=utf8;

--
-- Dumping data for table `admin`
--

INSERT INTO `admin` (`admin_id`, `email`, `password`) VALUES
(1, 'sunnygkp10@gmail.com', '123456'),
(2, 'admin@admin.com', 'admin123');

-- --------------------------------------------------------

--
-- Table structure for table `answer`
--

CREATE TABLE `answer` (
  `id` int(11) NOT NULL,
  `que_id` int(11) NOT NULL,
  `option_id` int(11) NOT NULL,
  `date` datetime NOT NULL
) ENGINE=InnoDB DEFAULT CHARSET=utf8;

--
-- Dumping data for table `answer`
--

INSERT INTO `answer` (`id`, `que_id`, `option_id`, `date`) VALUES
(58, 130, 233, '2018-07-04 14:39:50'),
(59, 131, 238, '2018-07-04 14:39:50'),
(60, 132, 241, '2018-07-04 14:39:50'),
(61, 133, 248, '2018-07-04 14:39:50'),
(62, 134, 251, '2018-07-04 14:39:50'),
(106, 193, 479, '2018-07-18 16:02:20'),
(107, 194, 481, '2018-07-18 16:02:20'),
(108, 195, 486, '2018-07-18 16:02:20'),
(109, 196, 489, '2018-07-18 16:02:20'),
(110, 197, 493, '2018-07-18 16:02:20'),
(111, 198, 499, '2018-08-14 11:39:49'),
(112, 199, 501, '2018-08-14 11:39:49'),
(113, 200, 506, '2018-08-14 11:39:50'),
(114, 201, 509, '2018-08-14 11:39:50'),
(115, 202, 513, '2018-08-14 11:39:50'),
(116, 203, 519, '2020-07-08 13:59:46'),
(117, 204, 521, '2020-07-08 13:59:46'),
(118, 205, 526, '2020-07-08 13:59:47'),
(119, 206, 529, '2020-07-08 13:59:48'),
(120, 207, 533, '2020-07-08 13:59:48');

-- --------------------------------------------------------

--
-- Table structure for table `exam_details`
--

CREATE TABLE `exam_details` (
  `id` int(11) NOT NULL,
  `user_id` int(11) NOT NULL,
  `quiz_id` int(11) NOT NULL,
  `que_id` varchar(20) NOT NULL,
  `ans_id` varchar(20) NOT NULL,
  `chk` int(4) NOT NULL,
  `set_session` varchar(20) NOT NULL,
  `finalDatetime` varchar(20) NOT NULL,
  `date` datetime NOT NULL
) ENGINE=InnoDB DEFAULT CHARSET=latin1;

--
-- Dumping data for table `exam_details`
--

INSERT INTO `exam_details` (`id`, `user_id`, `quiz_id`, `que_id`, `ans_id`, `chk`, `set_session`, `finalDatetime`, `date`) VALUES
(1, 2, 19, '193', '477', 0, '1533902601', '1533903000', '2018-08-10 17:35:05'),
(2, 2, 19, '194', '481', 0, '1533902601', '1533903000', '2018-08-10 17:35:08'),
(3, 2, 19, '195', '484', 0, '1533902732', '1533903000', '2018-08-10 17:35:56'),
(4, 2, 19, '196', '488', 0, '1533902732', '1533903000', '2018-08-10 17:36:05'),
(5, 2, 19, '197', '493', 0, '1533902732', '1533903000', '2018-08-10 17:36:27'),
(6, 2, 12, '198', '499', 0, '1594191659', '1594192920', '2020-07-08 12:36:08'),
(7, 2, 12, '199', '500', 0, '1594191659', '1594192920', '2020-07-08 12:38:58'),
(8, 2, 12, '200', '506', 0, '1594191659', '1594192920', '2020-07-08 12:41:37'),
(9, 2, 12, '198', '497', 0, '1595498534', '1595499900', '2020-07-23 15:39:00'),
(10, 2, 12, '199', '501', 0, '1595498534', '1595499900', '2020-07-23 15:39:03'),
(11, 2, 12, '200', '505', 0, '1595498534', '1595499900', '2020-07-23 15:39:06'),
(12, 2, 13, '203', '517', 0, '1595501162', '1595501700', '2020-07-23 16:22:12'),
(13, 2, 13, '204', '522', 0, '1595501162', '1595501700', '2020-07-23 16:22:15'),
(14, 2, 13, '205', '525', 0, '1595501162', '1595501700', '2020-07-23 16:22:19'),
(15, 2, 13, '206', '529', 0, '1595501162', '1595501700', '2020-07-23 16:22:27'),
(16, 2, 13, '207', '534', 0, '1595501162', '1595501700', '2020-07-23 16:23:57'),
(17, 2, 22, '130', '234', 0, '1595504029', '1595504700', '2020-07-23 17:05:53'),
(18, 2, 19, '193', '477', 0, '1595508368', '1595508720', '2020-07-23 18:17:46'),
(19, 2, 13, '203', '516', 0, '1595509081', '1595509800', '2020-07-23 18:31:23'),
(20, 2, 13, '204', '521', 0, '1595509081', '1595509800', '2020-07-23 18:31:54'),
(21, 2, 12, '198', '498', 0, '1595510339', '1595511600', '2020-07-23 18:51:04'),
(22, 2, 12, '199', '501', 0, '1595510339', '1595511600', '2020-07-23 18:52:13'),
(23, 2, 13, '203', '518', 0, '1595511822', '1595512500', '2020-07-23 19:19:09'),
(24, 2, 12, '198', '497', 0, '1595513571', '1595514900', '2020-07-23 19:48:25'),
(25, 2, 13, '203', '517', 0, '1595515073', '1595515800', '2020-07-23 20:15:08'),
(26, 2, 13, '204', '521', 0, '1595515073', '1595515800', '2020-07-23 20:19:57'),
(27, 2, 22, '130', '234', 0, '1595516633', '1595517300', '2020-07-23 20:35:10'),
(28, 2, 22, '131', '239', 0, '1595516633', '1595517300', '2020-07-23 20:35:18'),
(29, 2, 22, '130', '234', 0, '1595518353', '1595519100', '2020-07-23 21:08:06'),
(30, 2, 22, '131', '239', 0, '1595518353', '1595519100', '2020-07-23 21:13:46'),
(31, 2, 22, '132', '243', 0, '1595518353', '1595519100', '2020-07-23 21:13:56'),
(32, 2, 22, '133', '246', 0, '1595518353', '1595519100', '2020-07-23 21:14:09'),
(33, 2, 22, '134', '249', 0, '1595518353', '1595519100', '2020-07-23 21:14:17'),
(34, 2, 22, '130', '234', 0, '1595521694', '1595522400', '2020-07-23 22:00:13'),
(35, 2, 22, '131', '239', 0, '1595521694', '1595522400', '2020-07-23 22:00:22'),
(36, 2, 22, '134', '250', 0, '1595521694', '1595522400', '2020-07-23 22:01:45'),
(37, 2, 22, '130', '234', 0, '1595680745', '1595681400', '2020-07-25 18:15:41'),
(38, 2, 22, '134', '250', 0, '1595680745', '1595681400', '2020-07-25 18:16:46'),
(39, 2, 12, '198', '497', 0, '1595681852', '1595683200', '2020-07-25 18:32:21'),
(40, 2, 12, '202', '513', 0, '1595681852', '1595683200', '2020-07-25 18:35:48'),
(41, 2, 12, '199', '501', 0, '1595681852', '1595683200', '2020-07-25 18:37:40'),
(42, 2, 12, '200', '505', 0, '1595681852', '1595683200', '2020-07-25 18:49:39'),
(43, 2, 12, '198', '497', -1, '1595859988', '1595861400', '2020-07-27 20:00:16'),
(44, 2, 12, '202', '513', 1, '1595859988', '1595861400', '2020-07-27 20:00:25'),
(45, 2, 19, '193', '477', -1, '1595860346', '1595860800', '2020-07-27 20:05:18'),
(46, 2, 19, '197', '493', 1, '1595860346', '1595860800', '2020-07-27 20:05:27'),
(47, 2, 19, '193', '477', -1, '1595860946', '1595861400', '2020-07-27 20:15:08'),
(48, 2, 19, '197', '495', -1, '1595860946', '1595861400', '2020-07-27 20:15:24'),
(49, 2, 19, '194', '0', 0, '1595860946', '1595861400', '2020-07-27 20:16:04'),
(50, 2, 19, '194', '481', 1, '1595862014', '1595862360', '2020-07-27 20:31:10'),
(51, 2, 19, '194', '481', 1, '1595862409', '1595862720', '2020-07-27 20:37:26'),
(52, 2, 19, '195', '485', -1, '1595862409', '1595862720', '2020-07-27 20:39:25'),
(53, 2, 19, '193', '476', -1, '1595862862', '1595863200', '2020-07-27 20:45:37'),
(54, 2, 19, '194', '481', 1, '1595863240', '1595863620', '2020-07-27 20:52:57'),
(55, 2, 19, '195', '485', -1, '1595863240', '1595863620', '2020-07-27 20:55:55'),
(56, 2, 19, '193', '479', 1, '1595930670', '1595931000', '2020-07-28 15:35:07'),
(57, 2, 19, '194', '481', 1, '1595930670', '1595931000', '2020-07-28 15:35:16'),
(58, 2, 19, '197', '493', 1, '1595930670', '1595931000', '2020-07-28 15:35:23'),
(59, 2, 19, '195', '486', 1, '1595930670', '1595931000', '2020-07-28 15:35:40'),
(60, 2, 19, '196', '489', 1, '1595930670', '1595931000', '2020-07-28 15:36:00'),
(61, 2, 19, '193', '478', -1, '1595931167', '1595931540', '2020-07-28 15:44:51'),
(62, 2, 19, '195', '485', -1, '1595931167', '1595931540', '2020-07-28 15:45:00'),
(63, 2, 19, '197', '493', 1, '1595931167', '1595931540', '2020-07-28 15:45:06'),
(64, 2, 19, '194', '481', 1, '1595931167', '1595931540', '2020-07-28 15:45:13'),
(65, 2, 19, '196', '489', 1, '1595931167', '1595931540', '2020-07-28 15:45:21'),
(66, 2, 19, '193', '477', -1, '1595932094', '1595932500', '2020-07-28 16:00:14'),
(67, 2, 19, '194', '481', 1, '1595932094', '1595932500', '2020-07-28 16:00:18'),
(68, 2, 19, '195', '485', -1, '1595932094', '1595932500', '2020-07-28 16:00:30'),
(69, 2, 19, '196', '488', -1, '1595932094', '1595932500', '2020-07-28 16:00:37'),
(70, 2, 19, '197', '493', 1, '1595932094', '1595932500', '2020-07-28 16:01:11'),
(71, 2, 12, '198', '497', -1, '1599027269', '1599028500', '2020-09-02 11:45:05'),
(72, 2, 12, '199', '502', -1, '1599027269', '1599028500', '2020-09-02 11:45:09'),
(73, 2, 12, '200', '505', -1, '1599027269', '1599028500', '2020-09-02 11:45:12'),
(74, 2, 12, '201', '509', 1, '1599027269', '1599028500', '2020-09-02 11:45:15'),
(75, 2, 12, '202', '514', -1, '1599027269', '1599028500', '2020-09-02 11:45:24');

-- --------------------------------------------------------

--
-- Table structure for table `exam_set`
--

CREATE TABLE `exam_set` (
  `id` int(11) NOT NULL,
  `quiz_id` int(11) NOT NULL,
  `datetime_set` varchar(50) NOT NULL,
  `date` datetime NOT NULL
) ENGINE=InnoDB DEFAULT CHARSET=utf8;

--
-- Dumping data for table `exam_set`
--

INSERT INTO `exam_set` (`id`, `quiz_id`, `datetime_set`, `date`) VALUES
(1, 1, '', '2018-06-26 13:23:06'),
(2, 2, '', '2018-06-26 13:25:08'),
(3, 2, '', '2018-06-26 13:39:06'),
(4, 5, '2018-07-03T16:15', '2018-06-26 13:40:37'),
(5, 22, '2020-07-25T18:10', '2018-07-04 16:47:39'),
(6, 19, '2020-07-28T16:00', '2018-07-18 18:42:23'),
(7, 12, '2020-09-02T11:45', '2020-07-08 12:29:02'),
(8, 13, '2020-07-23T20:10', '2020-07-23 16:13:05');

-- --------------------------------------------------------

--
-- Table structure for table `history`
--

CREATE TABLE `history` (
  `id` int(11) NOT NULL,
  `user_id` int(11) NOT NULL,
  `quiz_id` int(11) NOT NULL,
  `score` int(11) NOT NULL,
  `level` int(11) NOT NULL,
  `sahi` int(11) NOT NULL,
  `wrong` int(11) NOT NULL,
  `set_session` varchar(20) NOT NULL,
  `finalDatetime` varchar(20) NOT NULL,
  `date` timestamp NOT NULL DEFAULT CURRENT_TIMESTAMP ON UPDATE CURRENT_TIMESTAMP
) ENGINE=InnoDB DEFAULT CHARSET=utf8;

--
-- Dumping data for table `history`
--

INSERT INTO `history` (`id`, `user_id`, `quiz_id`, `score`, `level`, `sahi`, `wrong`, `set_session`, `finalDatetime`, `date`) VALUES
(1, 2, 19, -1, 5, 2, 3, '1533902601', '1533903000', '2018-08-10 12:06:27'),
(2, 2, 12, 1, 3, 2, 1, '1594191659', '1594192920', '2020-07-08 07:11:38'),
(3, 2, 12, -1, 3, 1, 2, '1595498534', '1595499900', '2020-07-23 10:09:06'),
(4, 2, 13, -3, 5, 1, 4, '1595501162', '1595501700', '2020-07-23 10:53:57'),
(5, 2, 22, -1, 1, 0, 1, '1595504029', '1595504700', '2020-07-23 11:35:53'),
(6, 2, 19, -1, 1, 0, 1, '1595508368', '1595508720', '2020-07-23 12:47:46'),
(7, 2, 13, 0, 2, 1, 1, '1595509081', '1595509800', '2020-07-23 13:01:54'),
(8, 2, 12, 0, 2, 1, 1, '1595510339', '1595511600', '2020-07-23 13:22:13'),
(9, 2, 13, -1, 1, 0, 1, '1595511822', '1595512500', '2020-07-23 13:49:09'),
(10, 2, 12, -1, 1, 0, 1, '1595513571', '1595514900', '2020-07-23 14:18:26'),
(11, 2, 13, 0, 2, 1, 1, '1595515073', '1595515800', '2020-07-23 14:49:57'),
(12, 2, 22, -2, 2, 0, 2, '1595516633', '1595517300', '2020-07-23 15:05:18'),
(13, 2, 22, -5, 5, 0, 5, '1595518353', '1595519100', '2020-07-23 15:44:17'),
(15, 2, 22, -3, 5, 0, 3, '1595521694', '1595522400', '2020-07-23 16:31:45'),
(16, 2, 22, -2, 5, 0, 2, '1595680745', '1595681400', '2020-07-25 12:46:46'),
(17, 2, 12, 0, 3, 2, 2, '1595681852', '1595683200', '2020-07-25 13:19:39');

-- --------------------------------------------------------

--
-- Table structure for table `options`
--

CREATE TABLE `options` (
  `id` int(11) NOT NULL,
  `que_id` int(11) NOT NULL,
  `option` varchar(5000) NOT NULL,
  `date` datetime NOT NULL
) ENGINE=InnoDB DEFAULT CHARSET=utf8;

--
-- Dumping data for table `options`
--

INSERT INTO `options` (`id`, `que_id`, `option`, `date`) VALUES
(233, 130, 'is a program', '2018-07-04 14:39:50'),
(234, 130, 'is a country name', '2018-07-04 14:39:50'),
(235, 130, ' is a football club name', '2018-07-04 14:39:50'),
(236, 130, 'none of the above', '2018-07-04 14:39:50'),
(237, 131, 'SMTP', '2018-07-04 14:39:50'),
(238, 131, 'WWW', '2018-07-04 14:39:50'),
(239, 131, 'HTTP', '2018-07-04 14:39:50'),
(240, 131, 'None of the above.', '2018-07-04 14:39:50'),
(241, 132, 'Asynchronous Javascript and XML', '2018-07-04 14:39:50'),
(242, 132, 'Abstract JSON and XML', '2018-07-04 14:39:50'),
(243, 132, 'Another Java Abstraction for X-Windows', '2018-07-04 14:39:50'),
(244, 132, 'Another Java and XML Library', '2018-07-04 14:39:50'),
(245, 133, 'It works as a stand-alone Web-development tool', '2018-07-04 14:39:50'),
(246, 133, 'It works the same with all Web browsers.', '2018-07-04 14:39:50'),
(247, 133, 'It uses C++ as its programming language.', '2018-07-04 14:39:50'),
(248, 133, 'It makes data requests asynchronously.', '2018-07-04 14:39:50'),
(249, 134, 'It''s the programming language used to develop Ajax applications.', '2018-07-04 14:39:50'),
(250, 134, 'It provides a means of exchanging structured data between the Web server and client.', '2018-07-04 14:39:50'),
(251, 134, 'It provides the ability to asynchronously exchange data between Web browsers and a Web server.', '2018-07-04 14:39:50'),
(252, 134, 'It provides the ability to mark up and style the display of Web-page text.', '2018-07-04 14:39:50'),
(476, 193, '120 metres', '2018-07-18 16:02:19'),
(477, 193, '180 metres', '2018-07-18 16:02:19'),
(478, 193, '324 metres', '2018-07-18 16:02:20'),
(479, 193, '150 metres', '2018-07-18 16:02:20'),
(480, 194, '45 km/hr', '2018-07-18 16:02:20'),
(481, 194, '50 km/hr', '2018-07-18 16:02:20'),
(482, 194, '54 km/hr', '2018-07-18 16:02:20'),
(483, 194, ' 55 km/hr', '2018-07-18 16:02:20'),
(484, 195, ' 200 m', '2018-07-18 16:02:20'),
(485, 195, '225 m', '2018-07-18 16:02:20'),
(486, 195, '245 m', '2018-07-18 16:02:20'),
(487, 195, '250 m', '2018-07-18 16:02:20'),
(488, 196, '120 m', '2018-07-18 16:02:20'),
(489, 196, '240 m', '2018-07-18 16:02:20'),
(490, 196, '300 m', '2018-07-18 16:02:20'),
(491, 196, 'None of these', '2018-07-18 16:02:20'),
(492, 197, '65 sec', '2018-07-18 16:02:20'),
(493, 197, '89 sec', '2018-07-18 16:02:20'),
(494, 197, '100 sec', '2018-07-18 16:02:20'),
(495, 197, '150 sec', '2018-07-18 16:02:20'),
(496, 198, '120 metres', '2018-08-14 11:39:49'),
(497, 198, '180 metres', '2018-08-14 11:39:49'),
(498, 198, '324 metres', '2018-08-14 11:39:49'),
(499, 198, '150 metres', '2018-08-14 11:39:49'),
(500, 199, '45 km/hr', '2018-08-14 11:39:49'),
(501, 199, '50 km/hr', '2018-08-14 11:39:49'),
(502, 199, '54 km/hr', '2018-08-14 11:39:49'),
(503, 199, ' 55 km/hr', '2018-08-14 11:39:49'),
(504, 200, ' 200 m', '2018-08-14 11:39:49'),
(505, 200, '225 m', '2018-08-14 11:39:49'),
(506, 200, '245 m', '2018-08-14 11:39:49'),
(507, 200, '250 m', '2018-08-14 11:39:50'),
(508, 201, '120 m', '2018-08-14 11:39:50'),
(509, 201, '240 m', '2018-08-14 11:39:50'),
(510, 201, '300 m', '2018-08-14 11:39:50'),
(511, 201, 'None of these', '2018-08-14 11:39:50'),
(512, 202, '65 sec', '2018-08-14 11:39:50'),
(513, 202, '89 sec', '2018-08-14 11:39:50'),
(514, 202, '100 sec', '2018-08-14 11:39:50'),
(515, 202, '150 sec', '2018-08-14 11:39:50'),
(516, 203, '120 metres', '2020-07-08 13:59:46'),
(517, 203, '180 metres', '2020-07-08 13:59:46'),
(518, 203, '324 metres', '2020-07-08 13:59:46'),
(519, 203, '150 metres', '2020-07-08 13:59:46'),
(520, 204, '45 km/hr', '2020-07-08 13:59:46'),
(521, 204, '50 km/hr', '2020-07-08 13:59:46'),
(522, 204, '54 km/hr', '2020-07-08 13:59:46'),
(523, 204, ' 55 km/hr', '2020-07-08 13:59:46'),
(524, 205, ' 200 m', '2020-07-08 13:59:47'),
(525, 205, '225 m', '2020-07-08 13:59:47'),
(526, 205, '245 m', '2020-07-08 13:59:47'),
(527, 205, '250 m', '2020-07-08 13:59:47'),
(528, 206, '120 m', '2020-07-08 13:59:47'),
(529, 206, '240 m', '2020-07-08 13:59:47'),
(530, 206, '300 m', '2020-07-08 13:59:47'),
(531, 206, 'None of these', '2020-07-08 13:59:47'),
(532, 207, '65 sec', '2020-07-08 13:59:48'),
(533, 207, '89 sec', '2020-07-08 13:59:48'),
(534, 207, '100 sec', '2020-07-08 13:59:48'),
(535, 207, '150 sec', '2020-07-08 13:59:48');

-- --------------------------------------------------------

--
-- Table structure for table `questions`
--

CREATE TABLE `questions` (
  `id` int(11) NOT NULL,
  `quiz_id` int(11) NOT NULL,
  `qns` text NOT NULL,
  `choice` int(10) NOT NULL,
  `sn` int(11) NOT NULL,
  `date` datetime NOT NULL
) ENGINE=InnoDB DEFAULT CHARSET=utf8;

--
-- Dumping data for table `questions`
--

INSERT INTO `questions` (`id`, `quiz_id`, `qns`, `choice`, `sn`, `date`) VALUES
(130, 22, 'What is AJAX ?', 4, 1, '2018-07-04 14:39:49'),
(131, 22, 'What sever support AJAX ?', 4, 2, '2018-07-04 14:39:50'),
(132, 22, 'AJAX Stands for:', 4, 3, '2018-07-04 14:39:50'),
(133, 22, 'What makes Ajax unique?', 4, 4, '2018-07-04 14:39:50'),
(134, 22, 'What does the XMLHttpRequest object accomplish in Ajax?', 4, 5, '2018-07-04 14:39:50'),
(193, 19, 'A train running at the speed of 60 km/hr crosses a pole in 9 seconds. What is the length of the train?', 4, 1, '2018-07-18 16:02:19'),
(194, 19, 'A train 125 m long passes a man, running at 5 km/hr in the same direction in which the train is going, in 10 seconds. The speed of the train is:', 4, 2, '2018-07-18 16:02:20'),
(195, 19, 'The length of the bridge, which a train 130 metres long and travelling at 45 km/hr can cross in 30 seconds, is:', 4, 3, '2018-07-18 16:02:20'),
(196, 19, 'A train passes a station platform in 36 seconds and a man standing on the platform in 20 seconds. If the speed of the train is 54 km/hr, what is the length of the platform?', 4, 4, '2018-07-18 16:02:20'),
(197, 19, 'A train 240 m long passes a pole in 24 seconds. How long will it take to pass a platform 650 m long?', 4, 5, '2018-07-18 16:02:20'),
(198, 12, 'A train running at the speed of 60 km/hr crosses a pole in 9 seconds. What is the length of the train?', 4, 1, '2018-08-14 11:39:49'),
(199, 12, 'A train 125 m long passes a man, running at 5 km/hr in the same direction in which the train is going, in 10 seconds. The speed of the train is:', 4, 2, '2018-08-14 11:39:49'),
(200, 12, 'The length of the bridge, which a train 130 metres long and travelling at 45 km/hr can cross in 30 seconds, is:', 4, 3, '2018-08-14 11:39:49'),
(201, 12, 'A train passes a station platform in 36 seconds and a man standing on the platform in 20 seconds. If the speed of the train is 54 km/hr, what is the length of the platform?', 4, 4, '2018-08-14 11:39:50'),
(202, 12, 'A train 240 m long passes a pole in 24 seconds. How long will it take to pass a platform 650 m long?', 4, 5, '2018-08-14 11:39:50'),
(203, 13, 'A train running at the speed of 60 km/hr crosses a pole in 9 seconds. What is the length of the train?', 4, 1, '2020-07-08 13:59:46'),
(204, 13, 'A train 125 m long passes a man, running at 5 km/hr in the same direction in which the train is going, in 10 seconds. The speed of the train is:', 4, 2, '2020-07-08 13:59:46'),
(205, 13, 'The length of the bridge, which a train 130 metres long and travelling at 45 km/hr can cross in 30 seconds, is:', 4, 3, '2020-07-08 13:59:47'),
(206, 13, 'A train passes a station platform in 36 seconds and a man standing on the platform in 20 seconds. If the speed of the train is 54 km/hr, what is the length of the platform?', 4, 4, '2020-07-08 13:59:47'),
(207, 13, 'A train 240 m long passes a pole in 24 seconds. How long will it take to pass a platform 650 m long?', 4, 5, '2020-07-08 13:59:48');

-- --------------------------------------------------------

--
-- Table structure for table `quiz`
--

CREATE TABLE `quiz` (
  `id` int(10) NOT NULL,
  `title` varchar(100) NOT NULL,
  `sahi` int(11) NOT NULL,
  `wrong` int(11) NOT NULL,
  `total` int(11) NOT NULL,
  `time` bigint(20) NOT NULL,
  `intro` text NOT NULL,
  `enter_question` tinyint(1) NOT NULL DEFAULT '0',
  `enable_exam` tinyint(1) NOT NULL DEFAULT '0',
  `deleted` tinyint(1) NOT NULL DEFAULT '0',
  `date` timestamp NOT NULL DEFAULT CURRENT_TIMESTAMP ON UPDATE CURRENT_TIMESTAMP
) ENGINE=InnoDB DEFAULT CHARSET=utf8;

--
-- Dumping data for table `quiz`
--

INSERT INTO `quiz` (`id`, `title`, `sahi`, `wrong`, `total`, `time`, `intro`, `enter_question`, `enable_exam`, `deleted`, `date`) VALUES
(12, 'Python', 1, 1, 20, 20, '', 1, 1, 0, '2020-09-02 06:11:52'),
(13, 'Nodejs', 1, 1, 10, 10, '', 1, 0, 0, '2020-07-23 15:02:35'),
(19, 'Math', 1, 1, 5, 5, '', 1, 0, 0, '2020-09-02 06:11:52'),
(22, 'Ajax', 1, 1, 5, 10, '', 1, 0, 0, '2020-07-25 12:56:47'),
(23, 'Sem1', 1, 1, 10, 10, '', 0, 0, 0, '2018-07-09 06:28:00');

-- --------------------------------------------------------

--
-- Table structure for table `user`
--

CREATE TABLE `user` (
  `id` int(11) NOT NULL,
  `name` varchar(50) NOT NULL,
  `gender` varchar(5) NOT NULL,
  `roll_no` int(11) NOT NULL,
  `email` varchar(50) NOT NULL,
  `mob` bigint(20) NOT NULL,
  `deleted` tinyint(1) NOT NULL DEFAULT '0',
  `date` datetime NOT NULL DEFAULT '0000-00-00 00:00:00' ON UPDATE CURRENT_TIMESTAMP
) ENGINE=InnoDB DEFAULT CHARSET=utf8;

--
-- Dumping data for table `user`
--

INSERT INTO `user` (`id`, `name`, `gender`, `roll_no`, `email`, `mob`, `deleted`, `date`) VALUES
(1, 'Mark Zukarburg', 'M', 123123, 'ceo@facebook.com', 9876543211, 1, '2018-07-18 17:41:46'),
(2, 'Jagajit Sahoo', 'M', 123456, 'jsjagajit@gmail.com', 9778494674, 0, '2018-08-09 12:30:42'),
(3, 'Komal', 'F', 234567, 'komalpd2011@gmail.com', 7785068889, 1, '2018-08-02 15:48:43'),
(4, 'Tom Cruze', 'M', 567890, 'mi5@hollywood.com', 7785068889, 0, '2018-07-04 13:35:59'),
(5, 'Netcamp', 'M', 678904, 'netcamp@gmail.com', 9876543211, 0, '2018-07-04 13:36:05'),
(6, 'Nikunj', 'M', 345234, 'nik1@gmail.com', 9778494674, 0, '2018-07-04 13:36:10'),
(7, 'Sunny', 'M', 156784, 'sunnygkp10@gmail.com', 7785068889, 1, '2018-07-04 13:46:25'),
(8, 'User', 'M', 783456, 'user@user.com', 9778494674, 0, '2018-07-04 13:36:20'),
(9, 'Vikash', 'M', 784534, 'vikash@gmail.com', 7785068889, 0, '2018-07-04 13:36:26'),
(14, 'Dhiren Sahoo', 'M', 201919, 'dhiren@locuz.com', 5656565655, 0, '2018-07-04 13:46:00'),
(15, 'Rasmi Mohanty', 'M', 456734, 'cc.support@niser.ac.in', 5656565655, 0, '2018-07-04 13:45:56'),
(16, 'Tapan Panigrahi', 'M', 456125, 'tapan@niser.ac.in', 568955895, 0, '2018-07-04 13:45:50'),
(17, 'Dipak Rout', 'M', 456897, 'drout@niser.ac.in', 9778494674, 0, '2018-07-04 13:45:21'),
(25, 'Purbassa', 'F', 126456, 'purbasha@niser.ac.in', 9656985695, 0, '2018-07-18 17:41:17'),
(26, 'Pabitra', 'M', 256985, 'pabitra@niser.ac.in', 8956236589, 0, '2018-07-18 17:41:17'),
(27, 'Santanu', 'M', 562562, 'santanu@niser.ac.in', 5968596526, 0, '2018-07-18 17:41:17'),
(28, 'Purna', 'M', 856989, 'purna@niser.ac.in', 7894568956, 0, '2018-07-18 17:41:17'),
(29, 'Arakhita', 'M', 458965, 'arakhit@niser.ac.in', 8794567894, 0, '2018-07-18 17:41:17'),
(32, 'Purbassa XYZ', '', 11126456, 'purbasha1@niser.ac.in', 9656985695, 0, '2018-08-14 11:34:57'),
(33, 'Pabitra XYZ', '', 11126451, 'pabitra1@niser.ac.in', 8956236589, 0, '2018-08-14 11:34:57'),
(34, 'Santanu XYZ', '', 11126452, 'santanu1@niser.ac.in', 5968596526, 0, '2018-08-14 11:36:11'),
(35, 'Purna XYZ', '', 11126453, 'purna1@niser.ac.in', 7894568956, 0, '2018-08-14 11:34:57'),
(36, 'Arakhita XYZ', '', 11126454, 'arakhit1@niser.ac.in', 8794567894, 0, '2018-08-14 11:34:57'),
(37, 'Purbassa ABC', '', 11126455, 'purbasha2@niser.ac.in', 9656985695, 0, '2018-08-14 11:34:57'),
(38, 'Pabitra ABC', '', 11126450, 'pabitra2@niser.ac.in', 8956236589, 0, '2018-08-14 11:34:57'),
(39, 'Santanu ABC', ' ', 11126440, 'santanu2@niser.ac.in', 5968596526, 0, '2018-08-14 11:34:57'),
(40, 'Purna ABC', '', 11126441, 'purna2@niser.ac.in', 7894568956, 0, '2018-08-14 11:34:57'),
(41, 'Arakhita ABC', '', 11126442, 'arakhit2@niser.ac.in', 8794567894, 0, '2018-08-14 11:34:57'),
(42, 'Purbassa XXX', '', 11126443, 'purbasha3@niser.ac.in', 9656985695, 0, '2018-08-14 11:34:57'),
(43, 'Pabitra XXX', '', 11126444, 'pabitra3@niser.ac.in', 8956236589, 0, '2018-08-14 11:34:57'),
(44, 'Santanu XXX', ' ', 11126445, 'santanu3@niser.ac.in', 5968596526, 0, '2018-08-14 11:34:57'),
(45, 'Purna XXX', '', 11126446, 'purna3@niser.ac.in', 7894568956, 0, '2018-08-14 11:34:57'),
(46, 'Arakhita XXX', '', 11126447, 'arakhit3@niser.ac.in', 8794567894, 0, '2018-08-14 11:34:57'),
(47, 'Purbassa AAA', '', 11126448, 'purbasha4@niser.ac.in', 9656985695, 0, '2018-08-14 11:34:57'),
(48, 'Pabitra AAA', '', 11126449, 'pabitra4@niser.ac.in', 8956236589, 0, '2018-08-14 11:34:57'),
(49, 'Santanu AAA', ' ', 11126430, 'santanu4@niser.ac.in', 5968596526, 0, '2018-08-14 11:34:57'),
(50, 'Purna AAA', '', 11126431, 'purna4@niser.ac.in', 7894568956, 0, '2018-08-14 11:34:57'),
(51, 'Arakhita AAA', '', 11126432, 'arakhit4@niser.ac.in', 8794567894, 0, '2018-08-14 11:34:57');

-- --------------------------------------------------------

--
-- Table structure for table `user_login`
--

CREATE TABLE `user_login` (
  `id` int(11) NOT NULL,
  `user_id` int(11) NOT NULL,
  `login_time` datetime NOT NULL,
  `logout_time` datetime NOT NULL DEFAULT CURRENT_TIMESTAMP ON UPDATE CURRENT_TIMESTAMP
) ENGINE=InnoDB DEFAULT CHARSET=utf8;

--
-- Dumping data for table `user_login`
--

INSERT INTO `user_login` (`id`, `user_id`, `login_time`, `logout_time`) VALUES
(1, 2, '2018-07-19 14:11:46', '2018-08-10 11:46:09'),
(2, 2, '2018-07-31 12:11:38', '2018-08-10 11:46:09'),
(3, 2, '2018-07-31 12:26:56', '2018-08-10 11:46:09'),
(4, 2, '2018-07-31 12:47:47', '2018-08-10 11:46:09'),
(5, 2, '2018-08-03 13:03:04', '2018-08-10 11:46:09'),
(6, 2, '2018-08-09 12:34:42', '2018-08-10 11:46:09'),
(7, 2, '2018-08-09 14:56:19', '2018-08-10 11:46:09'),
(8, 2, '2018-08-09 14:56:56', '2018-08-10 11:46:09'),
(9, 2, '2018-08-09 16:40:58', '2018-08-10 11:46:09'),
(10, 2, '2018-08-10 11:01:39', '2018-08-10 11:46:09'),
(11, 2, '2018-08-10 11:06:53', '2018-08-10 11:46:09'),
(12, 2, '2018-08-10 11:37:45', '2018-08-10 11:46:09'),
(13, 2, '2018-08-10 12:02:01', '2018-08-10 12:10:47'),
(14, 2, '2018-08-10 12:33:02', '0000-00-00 00:00:00'),
(15, 2, '2018-08-10 12:36:13', '2018-08-10 12:44:04'),
(16, 2, '2018-08-10 12:47:02', '0000-00-00 00:00:00'),
(18, 2, '2018-08-10 12:50:35', '0000-00-00 00:00:00'),
(19, 2, '2018-08-10 12:52:13', '0000-00-00 00:00:00'),
(20, 2, '2018-08-10 12:53:17', '0000-00-00 00:00:00'),
(21, 2, '2018-08-10 12:54:23', '2018-08-10 12:57:19'),
(22, 2, '2018-08-10 13:10:26', '2018-08-10 13:10:35'),
(23, 2, '2018-08-10 13:15:18', '2018-08-10 14:12:33'),
(24, 2, '2018-08-10 14:47:28', '0000-00-00 00:00:00'),
(25, 2, '2018-08-10 15:11:51', '0000-00-00 00:00:00'),
(26, 2, '2018-08-10 15:18:43', '0000-00-00 00:00:00'),
(27, 2, '2018-08-10 15:19:22', '2018-08-10 15:20:30'),
(28, 2, '2018-08-10 15:21:45', '2018-08-10 15:26:14'),
(29, 2, '2018-08-10 15:26:30', '2018-08-10 15:26:45'),
(30, 2, '2018-08-10 15:27:03', '2018-08-10 15:42:53'),
(31, 2, '2018-08-10 15:43:46', '2018-08-10 16:11:56'),
(32, 2, '2018-08-10 16:13:04', '0000-00-00 00:00:00'),
(33, 2, '2018-08-10 16:16:02', '0000-00-00 00:00:00'),
(34, 2, '2018-08-10 16:19:05', '2018-08-10 17:07:38'),
(35, 2, '2018-08-10 17:08:50', '2018-08-10 17:10:28'),
(36, 2, '2018-08-10 17:10:45', '2018-08-10 17:18:47'),
(37, 2, '2018-08-10 17:20:56', '2018-08-10 17:26:40'),
(38, 2, '2018-08-10 17:26:55', '2018-08-10 17:31:39'),
(39, 2, '2018-08-10 17:33:21', '0000-00-00 00:00:00'),
(40, 2, '2018-08-10 17:35:32', '2018-08-10 17:40:49'),
(41, 2, '2020-07-08 12:30:59', '2020-07-08 13:09:39'),
(42, 2, '2020-07-23 15:32:14', '2020-07-23 16:01:38'),
(43, 2, '2020-07-23 16:16:02', '2020-07-23 16:28:17'),
(44, 2, '2020-07-23 17:03:49', '2020-07-23 17:15:48'),
(45, 2, '2020-07-23 17:21:54', '2020-07-23 18:14:21'),
(46, 2, '2020-07-23 18:16:08', '2020-07-23 18:26:48'),
(47, 2, '2020-07-23 18:28:01', '2020-07-23 18:43:15'),
(48, 2, '2020-07-23 18:48:59', '2020-07-23 19:11:40'),
(49, 2, '2020-07-23 19:13:42', '2020-07-23 19:38:27'),
(50, 2, '2020-07-23 19:42:51', '2020-07-23 20:05:07'),
(51, 2, '2020-07-23 20:07:53', '2020-07-23 20:20:46'),
(52, 2, '2020-07-23 20:33:53', '2020-07-23 20:55:51'),
(53, 2, '2020-07-23 21:02:33', '2020-07-23 21:51:32'),
(54, 2, '2020-07-23 21:58:14', '0000-00-00 00:00:00'),
(55, 2, '2020-07-25 18:09:05', '2020-07-25 18:24:08'),
(56, 2, '2020-07-25 18:27:32', '2020-07-27 19:55:11'),
(57, 2, '2020-07-27 19:56:28', '2020-07-27 20:01:09'),
(58, 2, '2020-07-27 20:02:26', '2020-07-27 20:10:20'),
(59, 2, '2020-07-27 20:12:26', '2020-07-27 20:25:23'),
(60, 2, '2020-07-27 20:30:14', '2020-07-27 20:36:16'),
(61, 2, '2020-07-27 20:36:49', '2020-07-27 20:43:53'),
(62, 2, '2020-07-27 20:44:22', '2020-07-27 20:50:05'),
(63, 2, '2020-07-27 20:50:40', '2020-07-28 11:17:17'),
(64, 2, '2020-07-28 15:34:30', '2020-07-28 15:40:37'),
(65, 2, '2020-07-28 15:42:47', '2020-07-28 15:56:40'),
(66, 2, '2020-07-28 15:58:14', '2020-07-28 16:15:47'),
(67, 2, '2020-09-02 11:44:29', '0000-00-00 00:00:00');

--
-- Indexes for dumped tables
--

--
-- Indexes for table `admin`
--
ALTER TABLE `admin`
  ADD PRIMARY KEY (`admin_id`);

--
-- Indexes for table `answer`
--
ALTER TABLE `answer`
  ADD PRIMARY KEY (`id`);

--
-- Indexes for table `exam_details`
--
ALTER TABLE `exam_details`
  ADD PRIMARY KEY (`id`);

--
-- Indexes for table `exam_set`
--
ALTER TABLE `exam_set`
  ADD PRIMARY KEY (`id`);

--
-- Indexes for table `history`
--
ALTER TABLE `history`
  ADD PRIMARY KEY (`id`),
  ADD UNIQUE KEY `set_session` (`set_session`);

--
-- Indexes for table `options`
--
ALTER TABLE `options`
  ADD PRIMARY KEY (`id`);

--
-- Indexes for table `questions`
--
ALTER TABLE `questions`
  ADD PRIMARY KEY (`id`);

--
-- Indexes for table `quiz`
--
ALTER TABLE `quiz`
  ADD PRIMARY KEY (`id`);

--
-- Indexes for table `user`
--
ALTER TABLE `user`
  ADD PRIMARY KEY (`id`),
  ADD UNIQUE KEY `email` (`email`),
  ADD UNIQUE KEY `roll_no` (`roll_no`);

--
-- Indexes for table `user_login`
--
ALTER TABLE `user_login`
  ADD PRIMARY KEY (`id`);

--
-- AUTO_INCREMENT for dumped tables
--

--
-- AUTO_INCREMENT for table `admin`
--
ALTER TABLE `admin`
  MODIFY `admin_id` int(11) NOT NULL AUTO_INCREMENT, AUTO_INCREMENT=3;
--
-- AUTO_INCREMENT for table `answer`
--
ALTER TABLE `answer`
  MODIFY `id` int(11) NOT NULL AUTO_INCREMENT, AUTO_INCREMENT=121;
--
-- AUTO_INCREMENT for table `exam_details`
--
ALTER TABLE `exam_details`
  MODIFY `id` int(11) NOT NULL AUTO_INCREMENT, AUTO_INCREMENT=76;
--
-- AUTO_INCREMENT for table `exam_set`
--
ALTER TABLE `exam_set`
  MODIFY `id` int(11) NOT NULL AUTO_INCREMENT, AUTO_INCREMENT=9;
--
-- AUTO_INCREMENT for table `history`
--
ALTER TABLE `history`
  MODIFY `id` int(11) NOT NULL AUTO_INCREMENT, AUTO_INCREMENT=18;
--
-- AUTO_INCREMENT for table `options`
--
ALTER TABLE `options`
  MODIFY `id` int(11) NOT NULL AUTO_INCREMENT, AUTO_INCREMENT=536;
--
-- AUTO_INCREMENT for table `questions`
--
ALTER TABLE `questions`
  MODIFY `id` int(11) NOT NULL AUTO_INCREMENT, AUTO_INCREMENT=208;
--
-- AUTO_INCREMENT for table `quiz`
--
ALTER TABLE `quiz`
  MODIFY `id` int(10) NOT NULL AUTO_INCREMENT, AUTO_INCREMENT=24;
--
-- AUTO_INCREMENT for table `user`
--
ALTER TABLE `user`
  MODIFY `id` int(11) NOT NULL AUTO_INCREMENT, AUTO_INCREMENT=52;
--
-- AUTO_INCREMENT for table `user_login`
--
ALTER TABLE `user_login`
  MODIFY `id` int(11) NOT NULL AUTO_INCREMENT, AUTO_INCREMENT=68;
/*!40101 SET CHARACTER_SET_CLIENT=@OLD_CHARACTER_SET_CLIENT */;
/*!40101 SET CHARACTER_SET_RESULTS=@OLD_CHARACTER_SET_RESULTS */;
/*!40101 SET COLLATION_CONNECTION=@OLD_COLLATION_CONNECTION */;
